Workbook

Sheet Packages
A1: Frame Ten: packages and prices
A2: Blue cells are inputs you can change. Prices are starting suggestions, not market data. Adjust them to what students near you will pay.
A4: Package | B4: Price (KES) | C4: Edited photos | D4: What the student gets
A5: Quick | B5: 200 | C5: 1 | D5: 1 edited photo on a plain light background. Right for forms and IDs.
A6: Application | B6: 400 | C6: 3 | D6: 2 poses, 1 outfit change. CV, LinkedIn and email sizes.
A7: Pair (per person) | B7: 300 | C7: 3 | D7: Two friends in one slot, take turns, split the cost.
A8: Graduation / portfolio | B8: 1500 | C8: 10 | D8: 20 minute shoot. Photo count is a suggestion.
A10: Promise: ten minute slot, edited photos on WhatsApp the same day, pay by M-Pesa after the student has the photos.
A11: Note: payment-after-delivery and the 3 hour turnaround are the offer as designed, not figures from any source.

Sheet Bookings
A1: Booking tracker
A2: How to use: fill the yellow columns (Date, Name, Package, For, Paid). Price and totals fill themselves. Row 12 is an example, so overwrite it with your first real booking.
A4: Bookings | B4: Booked value (KES) | C4: Collected (KES) | D4: Still to collect (KES)
A5: =COUNTA(B12:B211) -> 1 | B5: =SUM(E12:E211) -> 400 | C5: =SUMIFS(E12:E211,F12:F211,"Yes") -> 400 | D5: =B5-C5 -> 0
A11: Date | B11: Student name | C11: Package | D11: For | E11: Price (KES) | F11: Paid? | G11: Notes
A12: 46307 | B12: Example: Amina W. | C12: Application | D12: Attachment application | E12: =IF(C12="","",IFERROR(INDEX(Packages!$B$5:$B$8,MATCH(C12,Packages!$A$5:$A$8,0)),"Check package")) -> 400 | F12: Yes | G12: Example row. Replace me.
E13: =IF(C13="","",IFERROR(INDEX(Packages!$B$5:$B$8,MATCH(C13,Packages!$A$5:$A$8,0)),"Check package"))
E14: =IF(C14="","",IFERROR(INDEX(Packages!$B$5:$B$8,MATCH(C14,Packages!$A$5:$A$8,0)),"Check package"))
E15: =IF(C15="","",IFERROR(INDEX(Packages!$B$5:$B$8,MATCH(C15,Packages!$A$5:$A$8,0)),"Check package"))
E16: =IF(C16="","",IFERROR(INDEX(Packages!$B$5:$B$8,MATCH(C16,Packages!$A$5:$A$8,0)),"Check package"))
E17: =IF(C17="","",IFERROR(INDEX(Packages!$B$5:$B$8,MATCH(C17,Packages!$A$5:$A$8,0)),"Check package"))
E18: =IF(C18="","",IFERROR(INDEX(Packages!$B$5:$B$8,MATCH(C18,Packages!$A$5:$A$8,0)),"Check package"))
E19: =IF(C19="","",IFERROR(INDEX(Packages!$B$5:$B$8,MATCH(C19,Packages!$A$5:$A$8,0)),"Check package"))
E20: =IF(C20="","",IFERROR(INDEX(Packages!$B$5:$B$8,MATCH(C20,Packages!$A$5:$A$8,0)),"Check package"))
E21: =IF(C21="","",IFERROR(INDEX(Packages!$B$5:$B$8,MATCH(C21,Packages!$A$5:$A$8,0)),"Check package"))
E22: =IF(C22="","",IFERROR(INDEX(Packages!$B$5:$B$8,MATCH(C22,Packages!$A$5:$A$8,0)),"Check package"))
E23: =IF(C23="","",IFERROR(INDEX(Packages!$B$5:$B$8,MATCH(C23,Packages!$A$5:$A$8,0)),"Check package"))
E24: =IF(C24="","",IFERROR(INDEX(Packages!$B$5:$B$8,MATCH(C24,Packages!$A$5:$A$8,0)),"Check package"))
... E211: =IF(C211="","",IFERROR(INDEX(Packages!$B$5:$B$8,MATCH(C211,Packages!$A$5:$A$8,0)),"Check package"))

Sheet Launch plan
A1: First week launch checklist
A2: Type Yes in the Done column as you go. The progress cell counts them.
A4: Step | B4: What to do | C4: Done?
A5: Connect booking | B5: Send the WhatsApp number so the booking page's Send button works.
A6: Pick two shoot spots | B6: Natural light: library steps and a lawn. Test each at 10:00 and 15:00.
A7: Set the base look | B7: Use the plain light background, same crop every time, so every client looks consistent.
A8: Free shoots | B8: Offer the first 5 students a free shoot in return for a testimonial and permission to show their photo.
A9: Share the link | B9: Post it in class and hostel WhatsApp groups and your status. Name the use: attachment and internship photos.
A10: Run a test day | B10: Do 5 to 8 slots, 10 minutes apart. Time how long editing takes per client.
A11: Collect payment | B11: Send edited photos first, then take the M-Pesa payment. Record it in the Bookings tab.
A12: Ask for referrals | B12: After each delivery, ask the student to send the link to one friend (Pair package).
A14: Progress | B14: =COUNTIF(C5:C12,"Yes")&" of "&COUNTA(A5:A12)&" steps done" -> 0 of 8 steps done
